<?xml version='1.0' encoding='UTF-8' standalone='yes' ?><contacts><contact><Name>Jenny Cherry</Name><Email>jqjenny16@yopmail.com</Email><Street>201 Metz Bates</Street><PostalCode>15840</PostalCode><City>New York</City><PhoneNumber>+1(959)-1775994</PhoneNumber></contact><contact><Name>Garance Epperson</Name><Email>duepperson20@gmail.com</Email><Street>542 American Circle</Street><PostalCode>49100</PostalCode><City>Washington</City><PhoneNumber>+1(747)-8330134</PhoneNumber></contact><contact><Name>Nadia Patten</Name><Email>jnnadia13@gmail.com</Email><Street>791 Bombardier Court</Street><PostalCode>93809</PostalCode><City>New York</City><PhoneNumber>+1(131)-9550402</PhoneNumber></contact><contact><Name>Jennifer Krantz</Name><Email>eekrantz4@yopmail.com</Email><Street>413 Wescam Drive</Street><PostalCode>43115</PostalCode><City>Miami</City><PhoneNumber>+1(656)-6779916</PhoneNumber></contact><contact><Name>Christin Steinberg</Name><Email>awchristin22@yahoo.com</Email><Street>412 Barfield Trail</Street><PostalCode>53713</PostalCode><City>Houston</City><PhoneNumber>+1(656)-1115633</PhoneNumber></contact><contact><Name>Joy Stclair</Name><Email>alstclair11@yopmail.com</Email><Street>52 Woodside Way</Street><PostalCode>58193</PostalCode><City>New Jersey</City><PhoneNumber>+1(555)-9779202</PhoneNumber></contact><contact><Name>Madison Gentile</Name><Email>dmmadison12@yopmail.com</Email><Street>311 V Street</Street><PostalCode>78326</PostalCode><City>New York</City><PhoneNumber>+1(343)-4779854</PhoneNumber></contact><contact><Name>Duane Cedillo</Name><Email>hxduane23@gmail.com</Email><Street>438 Ethels Lane</Street><PostalCode>24456</PostalCode><City>Houston</City><PhoneNumber>+1(141)-1779583</PhoneNumber></contact><contact><Name>Philippe Meyerson</Name><Email>hhmeyerson7@google.com</Email><Street>422 Leo Trail</Street><PostalCode>52866</PostalCode><City>Los Angeles</City><PhoneNumber>+1(848)-3666597</PhoneNumber></contact><contact><Name>Lynn Chandler</Name><Email>clchandler11@outlook.com</Email><Street>307 Joyce Street</Street><PostalCode>56999</PostalCode><City>San Fransisco</City><PhoneNumber>+1(232)-8335268</PhoneNumber></contact><contact><Name>Chris Heavener</Name><Email>ischris18@outlook.com</Email><Street>201 Metz Bates</Street><PostalCode>15840</PostalCode><City>New York</City><PhoneNumber>+1(959)-1775994</PhoneNumber></contact><contact><Name>Matthew Heath</Name><Email>ggmatthew6@hotmail.com</Email><Street>542 American Circle</Street><PostalCode>49100</PostalCode><City>Washington</City><PhoneNumber>+1(747)-8330134</PhoneNumber></contact><contact><Name>Nadia Patten</Name><Email>jnnadia13@gmail.com</Email><Street>791 Bombardier Court</Street><PostalCode>93809</PostalCode><City>New York</City><PhoneNumber>+1(131)-9550402</PhoneNumber></contact><contact><Name>Byron Workman</Name><Email>ggbyron6@yopmail.com</Email><Street>413 Wescam Drive</Street><PostalCode>43115</PostalCode><City>Miami</City><PhoneNumber>+1(656)-6779916</PhoneNumber></contact><contact><Name>Lydie Brass</Name><Email>edlydie3@yahoo.com</Email><Street>412 Barfield Trail</Street><PostalCode>53713</PostalCode><City>Houston</City><PhoneNumber>+1(656)-1115633</PhoneNumber></contact><contact><Name>Dulcie Moller</Name><Email>eimoller8@yopmail.com</Email><Street>52 Woodside Way</Street><PostalCode>58193</PostalCode><City>New Jersey</City><PhoneNumber>+1(555)-9779202</PhoneNumber></contact><contact><Name>Sara Alston</Name><Email>eqalston16@yopmail.com</Email><Street>311 V Street</Street><PostalCode>78326</PostalCode><City>New York</City><PhoneNumber>+1(343)-4779854</PhoneNumber></contact><contact><Name>Lily Barnhill</Name><Email>jflily5@gmail.com</Email><Street>438 Ethels Lane</Street><PostalCode>24456</PostalCode><City>Houston</City><PhoneNumber>+1(141)-1779583</PhoneNumber></contact><contact><Name>Yaya Laws</Name><Email>jmyaya12@google.com</Email><Street>422 Leo Trail</Street><PostalCode>52866</PostalCode><City>Los Angeles</City><PhoneNumber>+1(848)-3666597</PhoneNumber></contact><contact><Name>Irma Bolden</Name><Email>irm@outlook.com</Email><Street>307 Joyce Street</Street><PostalCode>56999</PostalCode><City>San Fransisco</City><PhoneNumber>+1(232)-8335268</PhoneNumber></contact></contacts>